0.001,2.6E-14
0.002,2.08E-13
0.003,7.019999999999999E-13
0.004,1.664E-12
0.005,3.2500000000000005E-12
0.006,5.6159999999999995E-12
0.007,8.918E-12
0.008,1.3312E-11
0.009000000000000001,1.8954000000000005E-11
0.010000000000000002,2.6000000000000014E-11
0.011,3.4605999999999995E-11
0.012,4.4927999999999996E-11
0.013000000000000001,5.7122000000000016E-11
0.014000000000000002,7.134400000000003E-11
0.015,8.774999999999998E-11
0.016,1.06496E-10
0.017,1.2773800000000002E-10
0.018000000000000002,1.5163200000000004E-10
0.019000000000000003,1.7833400000000008E-10
0.02,2.0800000000000003E-10
0.021,2.40786E-10
0.022000000000000002,2.7684800000000007E-10
0.023,3.1634199999999993E-10
0.024,3.5942399999999997E-10
0.025,4.0625000000000007E-10
0.026000000000000002,4.5697600000000013E-10
0.027000000000000003,5.117580000000002E-10
0.028,5.70752E-10
0.029,6.34114E-10
0.030000000000000002,7.020000000000001E-10
0.031,7.745659999999999E-10
0.032,8.51968E-10
0.033,9.34362E-10
0.034,1.0219040000000002E-9
0.035,1.1147500000000003E-9
0.036000000000000004,1.2130560000000003E-9
0.037000000000000005,1.3169780000000007E-9
0.038,1.4266720000000015E-9
0.039,1.542294000000006E-9
0.04,1.6640000000000226E-9
0.041,1.7919460000000754E-9
0.042,1.9262880000002392E-9
0.043000000000000003,2.067182000000718E-9
0.044000000000000004,2.21478400000205E-9
0.045,2.3692500000055817E-9
0.046,2.5307360000145438E-9
0.047,2.6993980000363593E-9
0.048,2.8753920000874352E-9
0.049,3.05887400020274E-9
0.05,3.2500000004542836E-9
0.051000000000000004,3.448926000985667E-9
0.052000000000000005,3.6558080020747268E-9
0.053000000000000005,3.870802004243942E-9
0.054,4.094064008449874E-9
0.055,4.3257500164001335E-9
0.056,4.566016031071222E-9
0.057,4.815018057535883E-9
0.058,5.072912104257163E-9
0.059000000000000004,5.339854185072424E-9
0.060000000000000005,5.616000322178059E-9
0.061,5.901506550539915E-9
0.062,6.196528924300583E-9
0.063,6.501223525938828E-9
0.064,6.8157464791644775E-9
0.065,7.14025396681015E-9
0.066,7.474902255315294E-9
0.067,7.819847727793706E-9
0.068,8.175246928137731E-9
0.069,8.541256619144807E-9
0.07,8.918033858257523E-9
0.07100000000000001,9.305736095188263E-9
0.07200000000000001,9.704521296453443E-9
0.07300000000000001,1.0114548102668023E-8
0.074,1.0535976025344549E-8
0.075,1.0968965690895815E-8
0.076,1.1413679140548557E-8
0.077,1.187028019592717E-8
0.078,1.2338934901148778E-8
0.079,1.2819812053371043E-8
0.08,1.3313083834835965E-8
0.081,1.3818926560540607E-8
0.082,1.4337521556721487E-8
0.083,1.4869056186345568E-8
0.084,1.5413725038739154E-8
0.085,1.5971731301338353E-8
0.08600000000000001,1.6543288332293795E-8
0.08700000000000001,1.7128621453291094E-8
0.08800000000000001,1.772796998244186E-8
0.089,1.834158952744326E-8
0.09,1.8969754559385923E-8
0.091,1.9612761287598356E-8
0.092,2.0270930855745135E-8
0.093,2.094461287903724E-8
0.094,2.1634189341864586E-8
0.095,2.2340078874421435E-8
0.096,2.3062741425965103E-8
0.097,2.380268335123208E-8
0.098,2.4560462925238905E-8
0.099,2.533669630022608E-8
0.1,2.6132063916870422E-8
0.101,2.6947317380110315E-8
0.10200000000000001,2.778328680800625E-8
0.10300000000000001,2.8640888660022378E-8
0.10400000000000001,2.9521134048959444E-8
0.10500000000000001,3.04251375385439E-8
0.106,3.135412642635651E-8
0.107,3.2309450509437854E-8
0.108,3.3292592327504794E-8
0.109,3.43051778763E-8
0.11,3.534898778119507E-8
0.111,3.642596891877797E-8
0.112,3.7538246471799874E-8
0.113,3.868813640056978E-8
0.114,3.98781583116562E-8
0.115,4.1111048702613855E-8
0.116,4.23897745594075E-8
0.117,4.3717547281298873E-8
0.11800000000000001,4.50978369060986E-8
0.11900000000000001,4.653438660710401E-8
0.12000000000000001,4.8031227431379684E-8
0.121,4.95926932477921E-8
0.122,5.122343587183095E-8
0.123,5.292844033333434E-8
0.124,5.4713040252151625E-8
0.125,5.658293328617673E-8
0.126,5.854419661547454E-8
0.127,6.060330242593143E-8
0.128,6.276713335543522E-8
0.129,6.504299786568543E-8
0.13,6.743864550260306E-8
0.131,6.996228200859174E-8
0.132,7.262258425039915E-8
0.133,7.54287149264731E-8
0.134,7.839033701871858E-8
0.135,8.151762795412344E-8
0.136,8.482129344246557E-8
0.137,8.831258095767278E-8
0.138,9.200329283114258E-8
0.139,9.590579892664505E-8
0.14,1.0003304886787556E-7
0.14100000000000001,1.0439858379058563E-7
0.14200000000000002,1.0901654759344004E-7
0.14300000000000002,1.1390169766230399E-7
0.14400000000000002,1.1906941504480748E-7
0.14500000000000002,1.245357140538815E-7
0.146,1.303172512791592E-7
0.147,1.3643133398908315E-7
0.148,1.4289592790611089E-7
0.149,1.4972966433920642E-7
0.15,1.5695184666273635E-7
0.151,1.645824561262738E-7
0.152,1.7264215698938576E-7
0.153,1.8115230096910004E-7
0.154,1.9013493099619848E-7
0.155,1.9961278427405308E-7
0.156,2.0960929463575727E-7
0.157,2.2014859419942147E-7
0.158,2.3125551431925206E-7
0.159,2.4295558583409227E-7
0.16,2.5527503861805797E-7
0.161,2.6824080043131803E-7
0.162,2.8188049508412935E-7
0.163,2.9622243991357257E-7
0.164,3.112956425845593E-7
0.165,3.2712979722271386E-7
0.166,3.43755279890103E-7
0.167,3.6120314341178E-7
0.168,3.795051115713932E-7
0.169,3.9869357267987594E-7
0.17,4.188015725407557E-7
0.171,4.3986280681749086E-7
0.17200000000000001,4.6191161282722154E-7
0.17300000000000001,4.849829607682537E-7
0.17400000000000002,5.091124444051426E-7
0.17500000000000002,5.343362712242544E-7
0.17600000000000002,5.606912520797167E-7
0.177,5.882147903467966E-7
0.178,6.169448706018232E-7
0.179,6.469200468503462E-7
0.18,6.781794303140174E-7
0.181,7.107626768096195E-7
0.182,7.447099737288173E-7
0.183,7.800620266372507E-7
0.184,8.168600455304567E-7
0.185,8.551457307378775E-7
0.186,8.949612585264587E-7
0.187,9.363492663997894E-7
0.188,9.793528381178328E-7
0.189,1.0240154884795074E-6
0.19,1.0703811478405316E-6
0.191,1.1184941464479094E-6
0.192,1.1683991985443347E-6
0.193,1.220141386328257E-6
0.194,1.2737661437228038E-6
0.195,1.3293192400310482E-6
0.196,1.3868467634579434E-6
0.197,1.4463951045193452E-6
0.198,1.508010939386112E-6
0.199,1.571741213152858E-6
0.2,1.6376331230293264E-6
0.201,1.705734101550368E-6
0.202,1.776091799699008E-6
0.203,1.8487540701034077E-6
0.20400000000000001,1.9237689501651845E-6
0.20500000000000002,2.0011846452804493E-6
0.20600000000000002,2.08104951207486E-6
0.20700000000000002,2.1634120416867505E-6
0.20800000000000002,2.248320843137283E-6
0.20900000000000002,2.3358246267695543E-6
0.21,2.4259721877949952E-6
0.211,2.5188123899304097E-6
0.212,2.6143941491743733E-6
0.213,2.712766417682557E-6
0.214,2.8139781678229948E-6
0.215,2.918078376369545E-6
0.216,3.0251160088035853E-6
0.217,3.135140003891244E-6
0.218,3.2481992583335837E-6
0.219,3.364342611682291E-6
0.22,3.483618831388217E-6
0.221,3.6060765981150543E-6
0.222,3.7317644912068213E-6
0.223,3.860730974413422E-6
0.224,3.9930243818233465E-6
0.225,4.128692904013615E-6
0.226,4.2677845744580206E-6
0.227,4.410347256140204E-6
0.228,4.556428628486942E-6
0.229,4.706076174431791E-6
0.23,4.859337167845883E-6
0.231,5.016258661160181E-6
0.232,5.176887473246473E-6
0.233,5.341270177588463E-6
0.234,5.5094530907401664E-6
0.23500000000000001,5.681482260960643E-6
0.23600000000000002,5.857403457195956E-6
0.23700000000000002,6.037262158340491E-6
0.23800000000000002,6.221103542694162E-6
0.23900000000000002,6.40897247775596E-6
0.24000000000000002,6.600913510275543E-6
0.241,6.7969708565918165E-6
0.242,6.9971883932187965E-6
0.243,7.201609647671892E-6
0.244,7.4102777897017615E-6
0.245,7.62323562264901E-6
0.246,7.840525575150932E-6
0.247,8.06218969312404E-6
0.248,8.288269631983855E-6
0.249,8.518806649136796E-6
0.25,8.753841596804354E-6
0.251,8.993414914974379E-6
0.252,9.237566624789323E-6
0.253,9.486336322104127E-6
0.254,9.739763171232479E-6
0.255,9.997885899137956E-6
0.256,1.0260742789666706E-5
0.257,1.0528371678275195E-5
0.258,1.0800809946742331E-5
0.259,1.1078094518301793E-5
0.26,1.1360261853058069E-5
0.261,1.1647347943471727E-5
0.262,1.1939388310170817E-5
0.263,1.2236417998111577E-5
0.264,1.2538471572721017E-5
0.265,1.2845583116494909E-5
0.266,1.3157786225773857E-5
0.267,1.347511400761073E-5
0.268,1.3797599077018646E-5
0.269,1.4125273554330397E-5
0.27,1.4458169062852747E-5
0.271,1.4796316726684832E-5
0.272,1.5139747168574302E-5
0.273,1.5488490508473812E-5
0.274,1.5842576361577156E-5
0.275,1.6202033837267374E-5
0.276,1.656689153768189E-5
0.277,1.6937177556758417E-5
0.278,1.7312919479583343E-5
0.279,1.769414438139445E-5
0.28,1.8080878827513295E-5
0.281,1.8473148872643506E-5
0.28200000000000003,1.8870980061002782E-5
0.28300000000000003,1.9274397426287916E-5
0.28400000000000003,1.968342549173232E-5
0.28500000000000003,2.0098088270649246E-5
0.28600000000000003,2.051840926674132E-5
0.28700000000000003,2.0944411474911708E-5
0.28800000000000003,2.1376117381778315E-5
0.28900000000000003,2.1813548967005818E-5
0.29,2.2256727703955022E-5
0.291,2.270567456110546E-5
0.292,2.316041000340263E-5
0.293,2.362095399356019E-5
0.294,2.4087325993802948E-5
0.295,2.4559544967368585E-5
0.296,2.5037629380530068E-5
0.297,2.552159720443371E-5
0.298,2.6011465917034546E-5
0.299,2.650725250540499E-5
0.3,2.7008973467759547E-5
0.301,2.7516644816072528E-5
0.302,2.8030282078359644E-5
0.303,2.85499003010313E-5
0.304,2.907551405202425E-5
0.305,2.9607137422975224E-5
0.306,3.0144784032195332E-5
0.307,3.068846702760855E-5
0.308,3.1238199089824584E-5
0.309,3.179399243471068E-5
0.31,3.235585881695867E-5
0.311,3.2923809533139636E-5
0.312,3.349785542457538E-5
0.313,3.4078006881269956E-5
0.314,3.466427384464678E-5
0.315,3.525666581129595E-5
0.316,3.585519183653382E-5
0.317,3.6459860537537215E-5
0.318,3.707068009733439E-5
0.319,3.7687658268054466E-5
0.32,3.8310802375034156E-5
0.321,3.894011932014848E-5
0.322,3.957561558558206E-5
0.323,4.0217297237931294E-5
0.324,4.086516993175676E-5
0.325,4.1519238913436886E-5
0.326,4.217950902532932E-5
0.327,4.284598470946949E-5
0.328,4.351867001134209E-5
0.329,4.419756858445461E-5
0.33,4.4882683693714885E-5
0.331,4.5574018219920216E-5
0.332,4.627157466351875E-5
0.333,4.697535514882483E-5
0.334,4.7685361427911046E-5
0.335,4.840159488489717E-5
0.336,4.912405654039592E-5
0.337,4.985274705467709E-5
0.338,5.0587666732598305E-5
0.339,5.132881552789869E-5
0.34,5.207619304655546E-5
0.341,5.2829798551571756E-5
0.342,5.358963096693242E-5
0.343,5.4355688881954814E-5
0.34400000000000003,5.51279705551927E-5
0.34500000000000003,5.590647391859806E-5
0.34600000000000003,5.669119658192512E-5
0.34700000000000003,5.748213583690678E-5
0.34800000000000003,5.827928866113351E-5
0.34900000000000003,5.908265172270795E-5
0.35000000000000003,5.989222138345121E-5
0.35100000000000003,6.0707993704307594E-5
0.35200000000000004,6.152996444869154E-5
0.353,6.235812908687652E-5
0.354,6.319248279952601E-5
0.355,6.403302048298979E-5
0.356,6.487973675261566E-5
0.357,6.573262594648662E-5
0.358,6.659168213039183E-5
0.359,6.74568991016891E-5
0.36,6.832827039277046E-5
0.361,6.920578927543356E-5
0.362,7.008944876514211E-5
0.363,7.097924162454458E-5
0.364,7.187516036800688E-5
0.365,7.277719726553275E-5
0.366,7.368534434574843E-5
0.367,7.459959340123065E-5
0.368,7.551993599111825E-5
0.369,7.644636344645406E-5
0.37,7.737886687202996E-5
0.371,7.831743715260305E-5
0.372,7.926206495466247E-5
0.373,8.02127407313937E-5
0.374,8.11694547261057E-5
0.375,8.213219697612669E-5
0.376,8.310095731593559E-5
0.377,8.407572538174261E-5
0.378,8.505649061449783E-5
0.379,8.604324226422697E-5
0.38,8.70359693920968E-5
0.381,8.803466087667179E-5
0.382,8.903930541449103E-5
0.383,9.004989152582549E-5
0.384,9.10664075571617E-5
0.385,9.208884168517909E-5
0.386,9.311718191919684E-5
0.387,9.415141610612364E-5
0.388,9.5191531933205E-5
0.389,9.623751693033749E-5
0.39,9.728935847506824E-5
0.391,9.83470437952301E-5
0.392,9.941055997223327E-5
0.393,1.0047989394366716E-4
0.394,1.0155503250763581E-4
0.395,1.0263596232560677E-4
0.396,1.0372266992529775E-4
0.397,1.0481514170361445E-4
0.398,1.0591336393094145E-4
0.399,1.070173227521537E-4
0.4,1.081270041922579E-4
0.401,1.0924239415711544E-4
0.402,1.1036347843763824E-4
0.403,1.114902427129834E-4
0.404,1.1262267255212104E-4
0.405,1.1376075341842646E-4
0.406,1.1490447067106462E-4
0.40700000000000003,1.1605380956946752E-4
0.40800000000000003,1.1720875527384068E-4
0.40900000000000003,1.183692928506055E-4
0.41000000000000003,1.1953540727281236E-4
0.41100000000000003,1.2070708342479113E-4
0.41200000000000003,1.2188430610289524E-4
0.41300000000000003,1.2306706002073343E-4
0.41400000000000003,1.2425532980912127E-4
0.41500000000000004,1.254491000194765E-4
0.41600000000000004,1.266483551285979E-4
0.41700000000000004,1.278530795374542E-4
0.418,1.290632575766198E-4
0.419,1.3027887350767768E-4
0.42,1.3149991152606262E-4
0.421,1.327263557622074E-4
0.422,1.33958190286133E-4
0.423,1.3519539910802677E-4
0.424,1.3643796618176732E-4
0.425,1.3768587540564535E-4
0.426,1.3893911062638393E-4
0.427,1.401976556410275E-4
0.428,1.414614941979262E-4
0.429,1.4273061000046213E-4
0.43,1.440049867089683E-4
0.431,1.452846079416015E-4
0.432,1.465694572780256E-4
0.433,1.478595182606563E-4
0.434,1.4915477439686936E-4
0.435,1.504552091620997E-4
0.436,1.517608059996209E-4
0.437,1.530715483229287E-4
0.438,1.5438741952140709E-4
0.439,1.557084029572158E-4
0.44,1.5703448196995216E-4
0.441,1.583656398785649E-4
0.442,1.5970185998146185E-4
0.443,1.6104312556008775E-4
0.444,1.623894198807622E-4
0.445,1.6374072619416015E-4
0.446,1.650970277406946E-4
0.447,1.6645830774894292E-4
0.448,1.6782454943884204E-4
0.449,1.691957360238945E-4
0.45,1.7057185071234134E-4
0.451,1.7195287670703947E-4
0.452,1.7333879720967364E-4
0.453,1.7472959542185937E-4
0.454,1.761252545447316E-4
0.455,1.7752575778372874E-4
0.456,1.7893108834667236E-4
0.457,1.8034122944668958E-4
0.458,1.817561643063207E-4
0.459,1.8317587615336855E-4
0.46,1.8460034822699283E-4
0.461,1.860295637784075E-4
0.462,1.8746350606898152E-4
0.463,1.8890215837701936E-4
0.464,1.9034550399385698E-4
0.465,1.9179352622789562E-4
0.466,1.932462084065345E-4
0.467,1.947035338748334E-4
0.468,1.9616548599939035E-4
0.46900000000000003,1.9763204816775285E-4
0.47000000000000003,1.9910320379128667E-4
0.47100000000000003,2.0057893630450615E-4
0.47200000000000003,2.0205922916706733E-4
0.47300000000000003,2.0354406586621472E-4
0.47400000000000003,2.0503342991492842E-4
0.47500000000000003,2.065273048569136E-4
0.47600000000000003,2.0802567426336614E-4
0.47700000000000004,2.095285217384213E-4
0.47800000000000004,2.1103583091738236E-4
0.47900000000000004,2.125475854665956E-4
0.48000000000000004,2.1406376908944045E-4
0.481,2.1558436552145994E-4
0.482,2.171093585363634E-4
0.483,2.1863873194332946E-4
0.484,2.201724695893274E-4
0.485,2.217105553617221E-4
0.486,2.2325297318469026E-4
0.487,2.2479970702534376E-4
0.488,2.2635074089251227E-4
0.489,2.2790605883416898E-4
0.49,2.294656449456184E-4
0.491,2.3102948336298145E-4
0.492,2.3259755826944396E-4
0.493,2.3416985389132213E-4
0.494,2.3574635450310819E-4
0.495,2.3732704442677214E-4
0.496,2.3891190803043802E-4
0.497,2.405009297330126E-4
0.498,2.420940940004836E-4
0.499,2.4369138535189363E-4
0.5,2.452927883534228E-4
0.501,2.4689828762517005E-4
0.502,2.485078678394671E-4
0.503,2.501215137187758E-4
0.504,2.5173921004262274E-4
0.505,2.533609416427704E-4
0.506,2.5498669340489303E-4
0.507,2.56616450270856E-4
0.508,2.5825019723790967E-4
0.509,2.598879193612683E-4
0.51,2.615296017489276E-4
0.511,2.6317522957199725E-4
0.512,2.648247880554418E-4
0.513,2.6647826248556747E-4
0.514,2.681356382037623E-4
0.515,2.697969006152891E-4
0.516,2.7146203518356243E-4
0.517,2.731310274317762E-4
0.518,2.7480386294488634E-4
0.519,2.764805273704063E-4
0.52,2.781610064151404E-4
0.521,2.7984528585055983E-4
0.522,2.8153335150855684E-4
0.523,2.832251892865624E-4
0.524,2.8492078514417323E-4
0.525,2.8662012510349973E-4
0.526,2.8832319525405397E-4
0.527,2.900299817473284E-4
0.528,2.9174047080002995E-4
0.529,2.934546486971063E-4
0.53,2.9517250178414105E-4
0.531,2.96894016475945E-4
0.532,2.986191792539336E-4
0.533,3.003479766637067E-4
0.534,3.020803953204443E-4
0.535,3.0381642190407607E-4
0.536,3.0555604316437687E-4
0.537,3.072992459149992E-4
0.538,3.090460170413858E-4
0.539,3.1079634349546114E-4
0.54,3.12550212298687E-4
0.541,3.1430761054017576E-4
0.542,3.1606852537688417E-4
0.543,3.178329440348996E-4
0.544,3.196008538133368E-4
0.545,3.21372242077625E-4
0.546,3.2314709626258967E-4
0.547,3.249254038737521E-4
0.548,3.267071524883002E-4
0.549,3.2849232974999413E-4
0.55,3.302809233764828E-4
0.551,3.320729211538012E-4
0.552,3.338683109399471E-4
0.553,3.3566708066233553E-4
0.554,3.3746921832064055E-4
0.555,3.3927471198618234E-4
0.556,3.4108354979849395E-4
0.557,3.428957199721367E-4
0.558,3.447112107893006E-4
0.559,3.465300106082824E-4
0.56,3.483521078539564E-4
0.561,3.501774910275433E-4
0.562,3.520061486973668E-4
0.5630000000000001,3.5383806950832985E-4
0.5640000000000001,3.556732421750371E-4
0.5650000000000001,3.575116554834771E-4
0.5660000000000001,3.593532982914955E-4
0.5670000000000001,3.6119815953011977E-4
0.5680000000000001,3.6304622820364593E-4
0.5690000000000001,3.648974933845562E-4
0.5700000000000001,3.6675194422296816E-4
0.5710000000000001,3.6860956993812235E-4
0.5720000000000001,3.7047035981831877E-4
0.5730000000000001,3.723343032309856E-4
0.5740000000000001,3.7420138961315755E-4
0.5750000000000001,3.760716084713999E-4
0.5760000000000001,3.779449493880319E-4
0.5770000000000001,3.798214020149067E-4
0.578,3.817009560796946E-4
0.579,3.8358360138095757E-4
0.58,3.854693277858091E-4
0.581,3.8735812523948634E-4
0.582,3.892499837552931E-4
0.583,3.9114489342286337E-4
0.584,3.930428444007426E-4
0.585,3.949438269172072E-4
0.586,3.968478312806131E-4
0.587,3.987548478633512E-4
0.588,4.0066486711454007E-4
0.589,4.0257787955384435E-4
0.59,4.044938757742979E-4
0.591,4.064128464369143E-4
0.592,4.083347822783941E-4
0.593,4.102596741077044E-4
0.594,4.1218751280107423E-4
0.595,4.1411828931129253E-4
0.596,4.160519946587388E-4
0.597,4.1798861993725837E-4
0.598,4.1992815631160707E-4
0.599,4.218705950188942E-4
0.6,4.238159273664739E-4
0.601,4.257641447328658E-4
0.602,4.27715238567159E-4
0.603,4.2966920039045784E-4
0.604,4.3162602179374395E-4
0.605,4.335856944387878E-4
0.606,4.355482100591279E-4
0.607,4.375135604583907E-4
0.608,4.3948173750965114E-4
0.609,4.4145273315636597E-4
0.61,4.434265394139024E-4
0.611,4.4540314836457126E-4
0.612,4.4738255216398984E-4
0.613,4.493647430372158E-4
0.614,4.5134971327695777E-4
0.615,4.533374552456157E-4
0.616,4.5532796137685334E-4
0.617,4.5732122417269783E-4
0.618,4.593172362045256E-4
0.619,4.6131599011180364E-4
0.62,4.6331747860535596E-4
0.621,4.653216944604107E-4
0.622,4.6732863052615454E-4
0.623,4.693382797170425E-4
0.624,4.713506350149081E-4
0.625,4.733656894740602E-4
0.626,4.753834362124401E-4
0.627,4.774038684184466E-4
0.628,4.7942697934670326E-4
0.629,4.814527623196675E-4
0.63,4.8348121072987936E-4
0.631,4.855123180314534E-4
0.632,4.875460777549086E-4
0.633,4.895824834841431E-4
0.634,4.916215288846581E-4
0.635,4.936632076773763E-4
0.636,4.957075136573217E-4
0.637,4.97754440680017E-4
0.638,4.998039826705304E-4
0.639,5.018561336183817E-4
0.64,5.039108875798707E-4
0.641,5.059682386779204E-4
0.642,5.080281810981495E-4
0.643,5.100907090924536E-4
0.644,5.121558169782233E-4
0.645,5.142234991414118E-4
0.646,5.162937500267414E-4
0.647,5.183665641471536E-4
0.648,5.204419360778311E-4
0.649,5.225198604592694E-4
0.65,5.246003319990984E-4
0.651,5.26683345461401E-4
0.652,5.287688956809877E-4
0.653,5.308569775553647E-4
0.654,5.329475860445587E-4
0.655,5.350407161661871E-4
0.656,5.371363630107273E-4
0.657,5.392345217218597E-4
0.658,5.413351875144936E-4
0.659,5.434383556624553E-4
0.66,5.455440214975227E-4
0.661,5.476521804223134E-4
0.662,5.497628278915306E-4
0.663,5.518759594325054E-4
0.664,5.539915706235264E-4
0.665,5.561096571117299E-4
0.666,5.582302146017785E-4
0.667,5.603532388605641E-4
0.668,5.624787257141983E-4
0.669,5.646066710542642E-4
0.67,5.667370708247538E-4
0.671,5.688699210361986E-4
0.672,5.710052177569017E-4
0.673,5.731429571170753E-4
0.674,5.752831353013879E-4
0.675,5.774257485626402E-4
0.676,5.795707932025593E-4
0.677,5.817182655921726E-4
0.678,5.83868162153953E-4
0.679,5.860204793704595E-4
0.68,5.881752137826817E-4
0.681,5.903323619981618E-4
0.682,5.92491920669741E-4
0.683,5.946538865149155E-4
0.684,5.968182563104381E-4
0.685,5.989850268860208E-4
0.686,6.011541951325311E-4
0.687,6.033257579957075E-4
0.6880000000000001,6.054997124805752E-4
0.6890000000000001,6.076760556481969E-4
0.6900000000000001,6.098547846131207E-4
0.6910000000000001,6.12035896552573E-4
0.6920000000000001,6.142193886906029E-4
0.6930000000000001,6.164052583183297E-4
0.6940000000000001,6.185935027788526E-4
0.6950000000000001,6.207841194661906E-4
0.6960000000000001,6.229771058354337E-4
0.6970000000000001,6.251724593913941E-4
0.6980000000000001,6.273701777045024E-4
0.6990000000000001,6.295702583864432E-4
0.7000000000000001,6.317726991150059E-4
0.7010000000000001,6.339774976136402E-4
0.7020000000000001,6.361846516708531E-4
0.7030000000000001,6.383941591179185E-4
0.7040000000000001,6.406060178500491E-4
0.705,6.428202258064235E-4
0.706,6.450367809848549E-4
0.707,6.47255681443393E-4
0.708,6.494769252783772E-4
0.709,6.51700510654396E-4
0.71,6.539264357789511E-4
0.711,6.561546989165629E-4
0.712,6.583852983835446E-4
0.713,6.606182325460964E-4
0.714,6.628534998243831E-4
0.715,6.650910986950045E-4
0.716,6.673310276804624E-4
0.717,6.695732853541072E-4
0.718,6.718178703452074E-4
0.719,6.740647813335854E-4
0.72,6.763140170467784E-4
0.721,6.785655762695449E-4
0.722,6.808194578278061E-4
0.723,6.83075660607041E-4
0.724,6.853341835388288E-4
0.725,6.875950256078105E-4
0.726,6.898581858416339E-4
0.727,6.921236633242314E-4
0.728,6.943914571930614E-4
0.729,6.96661566623478E-4
0.73,6.989339908503361E-4
0.731,7.012087291505462E-4
0.732,7.034857808575372E-4
0.733,7.05765145342698E-4
0.734,7.080468220401253E-4
0.735,7.103308104196384E-4
0.736,7.126171100032462E-4
0.737,7.149057203669413E-4
0.738,7.171966411302529E-4
0.739,7.194898719550555E-4
0.74,7.217854125595671E-4
0.741,7.240832627078498E-4
0.742,7.263834222067501E-4
0.743,7.286858909094915E-4
0.744,7.309906687280453E-4
0.745,7.332977556060825E-4
0.746,7.356071515428126E-4
0.747,7.379188565803341E-4
0.748,7.402328708121976E-4
0.749,7.425491943705906E-4
0.75,7.448678274339181E-4
0.751,7.471887702404994E-4
0.752,7.495120230529411E-4
0.753,7.518375861934563E-4
0.754,7.541654600299494E-4
0.755,7.564956449688764E-4
0.756,7.588281414620055E-4
0.757,7.611629500103093E-4
0.758,7.635000711557768E-4
0.759,7.658395054913821E-4
0.76,7.68181253646756E-4
0.761,7.705253163012019E-4
0.762,7.728716941713236E-4
0.763,7.752203880262227E-4
0.764,7.775713986688646E-4
0.765,7.799247269586295E-4
0.766,7.822803737884286E-4
0.767,7.846383400980147E-4
0.768,7.869986268686299E-4
0.769,7.893612351238968E-4
0.77,7.917261659370457E-4
0.771,7.940934204181749E-4
0.772,7.964629997140369E-4
0.773,7.988349050280061E-4
0.774,8.012091375966949E-4
0.775,8.035856986971261E-4
0.776,8.059645896573897E-4
0.777,8.083458118360699E-4
0.778,8.107293666436334E-4
0.779,8.131152555250661E-4
0.78,8.155034799694075E-4
0.781,8.178940415107808E-4
0.782,8.202869417173389E-4
0.783,8.226821822009116E-4
0.784,8.250797646191341E-4
0.785,8.274796906643233E-4
0.786,8.29881962066567E-4
0.787,8.322865806091623E-4
0.788,8.34693548101851E-4
0.789,8.371028664029032E-4
0.79,8.395145374101279E-4
0.791,8.419285630584645E-4
0.792,8.443449453220767E-4
0.793,8.467636862165079E-4
0.794,8.491847877985549E-4
0.795,8.516082521627716E-4
0.796,8.540340814401492E-4
0.797,8.56462277809459E-4
0.798,8.588928434753381E-4
0.799,8.613257806934336E-4
0.8,8.637610917576967E-4
0.801,8.661987789862649E-4
0.802,8.686388447561997E-4
0.803,8.710812914661311E-4
0.804,8.735261215653278E-4
0.805,8.759733375325025E-4
0.806,8.784229418897667E-4
0.807,8.808749371919222E-4
0.808,8.833293260381687E-4
0.809,8.8578611106493E-4
0.81,8.882452949337335E-4
0.811,8.907068803645921E-4
0.812,8.931708700988072E-4
0.8130000000000001,8.956372669179779E-4
0.8140000000000001,8.981060736475769E-4
0.8150000000000001,9.005772931423416E-4
0.8160000000000001,9.030509282970255E-4
0.8170000000000001,9.055269820402248E-4
0.8180000000000001,9.080054573501907E-4
0.8190000000000001,9.104863572179602E-4
0.8200000000000001,9.129696846963185E-4
0.8210000000000001,9.154554428579391E-4
0.8220000000000001,9.179436348174017E-4
0.8230000000000001,9.204342637261904E-4
0.8240000000000001,9.229273327688581E-4
0.8250000000000001,9.254228451666231E-4
0.8260000000000001,9.279208041810813E-4
0.8270000000000001,9.304212131040614E-4
0.8280000000000001,9.329240752650353E-4
0.8290000000000001,9.354293940259819E-4
0.8300000000000001,9.379371727939751E-4
0.8310000000000001,9.404474150033419E-4
0.8320000000000001,9.429601241193114E-4
0.8330000000000001,9.45475303654529E-4
0.834,9.47992957147895E-4
0.835,9.505130881746919E-4
0.836,9.530357003464903E-4
0.837,9.555607973156435E-4
0.838,9.580883827544241E-4
0.839,9.606184603808567E-4
0.84,9.631510339450378E-4
0.841,9.656861072276795E-4
0.842,9.682236840551506E-4
0.843,9.70763768276395E-4
0.844,9.733063637772743E-4
0.845,9.75851474477196E-4
0.846,9.783991043310198E-4
0.847,9.809492573329985E-4
0.848,9.835019374973522E-4
0.849,9.860571488882193E-4
0.85,9.886148955908257E-4
0.851,9.911751817315107E-4
0.852,9.937380114601164E-4
0.853,9.9630338897358E-4
0.854,9.988713184976162E-4
0.855,0.0010014418042818194
0.856,0.001004014850620676
0.857,0.0010065904618309965
0.858,0.0010091686422764826
0.859,0.0010117493963395223
0.86,0.001014332728447243
0.861,0.0010169186430465914
0.862,0.0010195071446326487
0.863,0.0010220982377173431
0.864,0.0010246919268578603
0.865,0.0010272882166356934
0.866,0.001029887111668432
0.867,0.0010324886166026802
0.868,0.0010350927361224274
0.869,0.0010376994749434036
0.87,0.0010403088378051352
0.871,0.0010429208294893578
0.872,0.0010455354548014628
0.873,0.0010481527185853912
0.874,0.0010507726257135957
0.875,0.0010533951810977468
0.876,0.001056020389661281
0.877,0.0010586482563804125
0.878,0.0010612787862530949
0.879,0.0010639119843061093
0.88,0.0010665478556139835
0.881,0.0010691864052522404
0.882,0.001071827638362329
0.883,0.0010744715600938257
0.884,0.001077118175636589
0.885,0.001079767490203027
0.886,0.0010824195090516889
0.887,0.0010850742374554205
0.888,0.001087731680729425
0.889,0.0010903918442156735
0.89,0.0010930547332895153
0.891,0.0010957203533536709
0.892,0.0010983887098396233
0.893,0.0011010598082181495
0.894,0.001103733653983438
0.895,0.001106410252660557
0.896,0.0011090896098069464
0.897,0.0011117717310116103
0.898,0.0011144566218927838
0.899,0.0011171442880963571
0.9,0.0011198347353073195
0.901,0.001122527969227461
0.902,0.0011252239955952612
0.903,0.001127922820189806
0.904,0.0011306244488021166
0.905,0.00113332888725981
0.906,0.00113603614143417
0.907,0.0011387462172003351
0.908,0.0011414591204911106
0.909,0.0011441748572484755
0.91,0.0011468934334477152
0.911,0.001149614855107751
0.912,0.0011523391282603336
0.913,0.0011550662589815766
0.914,0.0011577962533578443
0.915,0.0011605291175334157
0.916,0.0011632648576515195
0.917,0.0011660034799101282
0.918,0.0011687449905131418
0.919,0.0011714893957200715
0.92,0.001174236701800247
0.921,0.0011769869150608993
0.922,0.0011797400418358667
0.923,0.0011824960884936758
0.924,0.0011852550614220405
0.925,0.0011880169670465735
0.926,0.001190781811816054
0.927,0.0011935496022155018
0.928,0.0011963203447555198
0.929,0.0011990940459730398
0.93,0.0012018707124428643
0.931,0.001204650350756976
0.932,0.0012074329675451937
0.933,0.0012102185694643954
0.934,0.0012130071631942848
0.935,0.0012157987554607813
0.936,0.0012185933530017238
0.937,0.0012213909625835152
0.9380000000000001,0.0012241915910188171
0.9390000000000001,0.001226995245128637
0.9400000000000001,0.0012298019317743326
0.9410000000000001,0.0012326116578534442
0.9420000000000001,0.0012354244302724866
0.9430000000000001,0.0012382402559800462
0.9440000000000001,0.0012410591419540374
0.9450000000000001,0.001243881095199996
0.9460000000000001,0.0012467061227355515
0.9470000000000001,0.0012495342316385168
0.9480000000000001,0.0012523654289945134
0.9490000000000001,0.0012551997219252666
0.9500000000000001,0.0012580371175705109
0.9510000000000001,0.001260877623111279
0.9520000000000001,0.0012637212457570005
0.9530000000000001,0.00126656799272884
0.9540000000000001,0.0012694178713050877
0.9550000000000001,0.0012722708887643582
0.9560000000000001,0.0012751270524292704
0.9570000000000001,0.0012779863696587206
0.9580000000000001,0.0012808488478186905
0.9590000000000001,0.001283714494314866
0.9600000000000001,0.0012865833165847244
0.961,0.0012894553220913325
0.962,0.0012923305183331303
0.963,0.0012952089128144655
0.964,0.0012980905131036256
0.965,0.0013009753267604327
0.966,0.0013038633614006793
0.967,0.0013067546246585023
0.968,0.0013096491241935226
0.969,0.0013125468676944132
0.97,0.0013154478628961887
0.971,0.0013183521175293787
0.972,0.001321259639386315
0.973,0.0013241704362629276
0.974,0.001327084515998826
0.975,0.0013300018864563293
0.976,0.001332922555529612
0.977,0.0013358465311336537
0.978,0.001338773821218049
0.979,0.0013417044337689292
0.98,0.0013446383767765147
0.981,0.0013475756582916791
0.982,0.0013505162863656237
0.983,0.0013534602690907296
0.984,0.001356407614595101
0.985,0.0013593583310313399
0.986,0.0013623124265624014
0.987,0.001365269909397269
0.988,0.0013682307877750676
0.989,0.0013711950699631756
0.99,0.0013741627642506104
0.991,0.0013771338789489037
0.992,0.0013801084224235088
0.993,0.001383086403039623
0.994,0.0013860678292049716
0.995,0.0013890527093574937
0.996,0.001392041051964429
0.997,0.0013950328655136402
0.998,0.001398028158526092
0.999,0.0014010269395530307
1.0,0.0014040292171721253
